https://down-bs-id.img.susercontent.com/0507d580af74cbd19fd09b8ced1994d6.webp,https://shope.ee/2fnt72BUUS,4.219,20%,5.274,50.6,assets/images/20.jpg,5.2,assets/images/star.png,kjabdkja wbdkaj db kajwdkjawb dkjadakjw ageaefa awdada
https://down-tx-id.img.susercontent.com/id-11134207-7r990-ln6s3umaqp3j76.webp,https://shope.ee/4psH2ZtJcE,60.000,40%,100.000,99.7,assets/images/40.jpg,4.3,assets/images/mall.png
https://down-bs-id.img.susercontent.com/0507d580af74cbd19fd09b8ced1994d6.webp,https://shope.ee/2fnt72BUUS,4.219,20%,5.274,50.6,assets/images/20.jpg,5.2,assets/images/star.png
https://down-tx-id.img.susercontent.com/id-11134207-7r990-ln6s3umaqp3j76.webp,https://shope.ee/4psH2ZtJcE,60.000,40%,100.000,99.7,assets/images/40.jpg,4.3,assets/images/mall.png
https://down-bs-id.img.susercontent.com/0507d580af74cbd19fd09b8ced1994d6.webp,https://shope.ee/2fnt72BUUS,4.219,20%,5.274,50.6,assets/images/20.jpg,5.2,assets/images/star.png
https://down-tx-id.img.susercontent.com/id-11134207-7r990-ln6s3umaqp3j76.webp,https://shope.ee/4psH2ZtJcE,60.000,40%,100.000,99.7,assets/images/40.jpg,4.3,assets/images/mall.png
https://down-bs-id.img.susercontent.com/0507d580af74cbd19fd09b8ced1994d6.webp,https://shope.ee/2fnt72BUUS,4.219,20%,5.274,50.6,assets/images/20.jpg,5.2,assets/images/star.png
https://down-tx-id.img.susercontent.com/id-11134207-7r990-ln6s3umaqp3j76.webp,https://shope.ee/4psH2ZtJcE,60.000,40%,100.000,99.7,assets/images/40.jpg,4.3,assets/images/mall.png
https://down-bs-id.img.susercontent.com/0507d580af74cbd19fd09b8ced1994d6.webp,https://shope.ee/2fnt72BUUS,4.219,20%,5.274,50.6,assets/images/20.jpg,5.2,assets/images/star.png
https://down-tx-id.img.susercontent.com/id-11134207-7r990-ln6s3umaqp3j76.webp,https://shope.ee/4psH2ZtJcE,60.000,40%,100.000,99.7,assets/images/40.jpg,4.3,assets/images/mall.png
https://down-bs-id.img.susercontent.com/0507d580af74cbd19fd09b8ced1994d6.webp,https://shope.ee/2fnt72BUUS,4.219,20%,5.274,50.6,assets/images/20.jpg,5.2,assets/images/star.png
https://down-tx-id.img.susercontent.com/id-11134207-7r990-ln6s3umaqp3j76.webp,https://shope.ee/4psH2ZtJcE,60.000,40%,100.000,99.7,assets/images/40.jpg,4.3,assets/images/mall.png
https://down-bs-id.img.susercontent.com/0507d580af74cbd19fd09b8ced1994d6.webp,https://shope.ee/2fnt72BUUS,4.219,20%,5.274,50.6,assets/images/20.jpg,5.2,assets/images/star.png
https://down-tx-id.img.susercontent.com/id-11134207-7r990-ln6s3umaqp3j76.webp,https://shope.ee/4psH2ZtJcE,60.000,40%,100.000,99.7,assets/images/40.jpg,4.3,assets/images/mall.png
https://down-bs-id.img.susercontent.com/0507d580af74cbd19fd09b8ced1994d6.webp,https://shope.ee/2fnt72BUUS,4.219,20%,5.274,50.6,assets/images/20.jpg,5.2,assets/images/star.png
https://down-tx-id.img.susercontent.com/id-11134207-7r990-ln6s3umaqp3j76.webp,https://shope.ee/4psH2ZtJcE,60.000,40%,100.000,99.7,assets/images/40.jpg,4.3,assets/images/mall.png
https://down-bs-id.img.susercontent.com/0507d580af74cbd19fd09b8ced1994d6.webp,https://shope.ee/2fnt72BUUS,4.219,20%,5.274,50.6,assets/images/20.jpg,5.2,assets/images/star.png
https://down-tx-id.img.susercontent.com/id-11134207-7r990-ln6s3umaqp3j76.webp,https://shope.ee/4psH2ZtJcE,60.000,40%,100.000,99.7,assets/images/40.jpg,4.3,assets/images/mall.png
https://down-bs-id.img.susercontent.com/0507d580af74cbd19fd09b8ced1994d6.webp,https://shope.ee/2fnt72BUUS,4.219,20%,5.274,50.6,assets/images/20.jpg,5.2,assets/images/star.png
https://down-tx-id.img.susercontent.com/id-11134207-7r990-ln6s3umaqp3j76.webp,https://shope.ee/4psH2ZtJcE,60.000,40%,100.000,99.7,assets/images/40.jpg,4.3,assets/images/mall.png
https://down-bs-id.img.susercontent.com/0507d580af74cbd19fd09b8ced1994d6.webp,https://shope.ee/2fnt72BUUS,4.219,20%,5.274,50.6,assets/images/20.jpg,5.2,assets/images/star.png
https://down-tx-id.img.susercontent.com/id-11134207-7r990-ln6s3umaqp3j76.webp,https://shope.ee/4psH2ZtJcE,60.000,40%,100.000,99.7,assets/images/40.jpg,4.3,assets/images/mall.png
https://down-bs-id.img.susercontent.com/0507d580af74cbd19fd09b8ced1994d6.webp,https://shope.ee/2fnt72BUUS,4.219,20%,5.274,50.6,assets/images/20.jpg,5.2,assets/images/star.png
https://down-tx-id.img.susercontent.com/id-11134207-7r990-ln6s3umaqp3j76.webp,https://shope.ee/4psH2ZtJcE,60.000,40%,100.000,99.7,assets/images/40.jpg,4.3,assets/images/mall.png